"#user_id","#account_id","#distinct_id",$part_event,"#event_time",$part_date,"#lib_version",role_level,"#ip","#data_source",package_id,"#lib","#city",role_id,"#country_code","#province",server_id,role_name,channel_id,server_name,sdk_udid,sdk_open_id,"#country",sdk_adid,app_version,net_type,res_version,dev_version,dev_type,steel_plant,total_recharge_usd,role_ap,missile_factory_lv,remain_rare_earth,naval_academy_lv,manu_factory_lv,oil_plant,role_bp,total_recharge_times,headquarters_lv,server_zone_offset,total_online_time,coastal_comand_lv,total_login_days,vip_level,power_plant,remain_power,remain_steel,remain_oil,torpedo_factory_lv,vip_exp,server_alive_days,faction_name,aircraft_factory_lv,warehouse_lv,world_progress_ptase,remain_diamond,dev_model,event_time,base_coordinate,base_seas_id,faction_level,faction_exp,empire_stage_id,expedition_stage_id,current_server_id,total_recharge_cny
1468480584622804992,9000310004564,9000310004564,role_create,2026-02-04 05:37:14.799,2026-02-04,3.0.0,1,178.173.102.6,Import_Tools,140,tga_java_sdk,莫斯科,9000310004564,RU,莫斯科,31,,32,S31,uar_e31feffdca4a68196d7e85c9742944b8,f6a207cd922b7b197c5c655379fb8663,俄罗斯,87129f03c8d1fb54f713d39db92a0a97,1.0.32,WIFI,16.2.3,Android OS 12 / API-31 (HUAWEIJLN-LX1/103.0.0.319C10),Android,,0,100,0,0,0,0,,0,0,0,8,0,0,0,0,,15000,20000,10000,0,0,6,0,0,0,5,0,HUAWEI JLN-LX1,2026-02-04 05:37:14.799,"{""right"":467,""left"":486}",5,1,42580,2013,0,31,
1468458186359967757,9000310004549,9000310004549,role_create,2026-02-04 04:08:20.599,2026-02-04,3.0.0,1,36.240.110.254,Import_Tools,131,tga_java_sdk,东京,9000310004549,JP,东京都,31,,6,S31,uar_6b053a9ca919e234d2d08dfa49ce89cf,359c8191c224a21efb84c0dd9c02f6c2,日本,4b7bfb51cbf5af06f2c80905293f496b,1.0.32,5G,16.2.3,Android OS 16 / API-36 (BP2A.250605.031.A3/S931ZSCS1BYK2),Android,,0,100,0,0,0,0,,0,0,0,8,0,0,0,0,,15000,20000,10000,0,0,6,0,0,0,5,0,samsung SM-S931Z,2026-02-04 04:08:20.599,"{""right"":451,""left"":214}",3,1,42430,2011,0,31,
1468479056029683712,9000310004562,9000310004562,role_create,2026-02-04 05:31:19.726,2026-02-04,3.0.0,1,60.85.50.126,Import_Tools,129,tga_java_sdk,大阪市,9000310004562,JP,大阪府,31,,9,S31,uios_17701542197gmlk71mkecb4z41v,ea58a865685066fcef8845875d72f1a6,日本,,0.1.26,WIFI,16.2.3,iPadOS 17.4.1,IPhonePlayer,,0,100,0,0,0,0,,0,0,0,8,0,0,0,0,,15000,20000,10000,0,0,6,0,0,0,5,0,"iPad13,18",2026-02-04 05:31:19.726,"{""right"":225,""left"":9}",11,1,49950,2016,0,31,
1468477555362246662,9000310004561,9000310004561,role_create,2026-02-04 05:25:19.774,2026-02-04,3.0.0,1,219.112.194.149,Import_Tools,129,tga_java_sdk,Kita,9000310004561,JP,东京都,31,,9,S31,uios_1770153855r07iijcmkq86dy5oe,6b355879e56c13b2a7b37cca8a0fa21d,日本,e6ee27cc50cfa903ee1888dee4c10ebc,0.1.26,WIFI,16.2.3,iOS 26.2.1,IPhonePlayer,,0,100,0,0,0,0,,0,0,0,8,0,0,0,0,,15000,20000,10000,0,0,6,0,0,0,5,0,"iPhone16,2",2026-02-04 05:25:19.774,"{""right"":215,""left"":74}",11,1,49380,2036,0,31,
1468453530711896068,6000310001471,6000310001471,role_create,2026-02-04 03:49:55.655,2026-02-04,3.0.0,1,103.199.57.40,Import_Tools,84,tga_java_sdk,,6000310001471,VN,,31,,6,S31,uar_0fee24339417a270719bd14a563cf501,7b703b91800591a5a77da879243f61d2,越南,0e7d70499a67a5d3427b301683023061,2.2.49,5G,16.2.3,Android OS 16 / API-36 (BP2A.250605.031.A3/S918U1UES6EYK5),Android,,0,100,0,0,0,0,,0,0,0,8,0,0,0,0,,15000,20000,10000,0,0,6,0,0,0,5,0,samsung SM-S918U1,2026-02-04 03:49:55.655,"{""right"":428,""left"":294}",3,1,42430,2324,0,31,
1468469888459739138,9000310004556,9000310004556,role_create,2026-02-04 04:54:34.746,2026-02-04,3.0.0,1,1.113.15.241,Import_Tools,129,tga_java_sdk,东京,9000310004556,JP,东京都,31,,9,S31,uios_17701520232oc45a29gfqggtm50,db50c72975aaa38dc4e0c2daa65577eb,日本,,0.1.26,5G,16.2.3,iOS 26.2.1,IPhonePlayer,,0,100,0,0,0,0,,0,0,0,8,0,0,0,0,,15000,20000,10000,0,0,6,0,0,0,5,0,"iPhone15,5",2026-02-04 04:54:34.746,"{""right"":218,""left"":26}",11,1,49020,2016,0,31,
1468456298944143360,9000310004548,9000310004548,role_create,2026-02-04 04:00:52.470,2026-02-04,3.0.0,1,95.139.123.110,Import_Tools,142,tga_java_sdk,Vityazevo,9000310004548,RU,克拉斯诺达尔边疆区,31,,31,S31,uar_3b6e1f61ab2d2246c9334405f88798c8,117a2a5472cee7baf2f099f89e7d12ff,俄罗斯,5c9c922dfe2c0e166f1b6a0e9423d601,1.0.31,WIFI,16.2.3,Android OS 16 / API-36 (BP2A.250605.031.A3/V816.0.1.0.WGRRUXM),Android,,0,100,0,0,0,0,,0,0,0,8,0,0,0,0,,15000,20000,10000,0,0,6,0,0,0,5,0,Xiaomi 23129RN51X,2026-02-04 04:00:52.470,"{""right"":449,""left"":200}",3,1,48410,2021,0,31,
1468540263919005697,6000310001491,6000310001491,role_create,2026-02-04 09:34:33.829,2026-02-04,3.0.0,1,27.64.6.136,Import_Tools,85,tga_java_sdk,土龙木市,6000310001491,VN,平阳省,31,,9,S31,uios_177016880737kok9stldylqrgch,513b94c8c7a6675b51326c92ca4295d5,越南,,0.1.33,WIFI,16.2.3,iOS 18.5,IPhonePlayer,,0,100,0,0,0,0,,0,0,0,8,0,0,0,0,,15000,20000,10000,0,0,6,0,0,0,5,0,"iPhone11,2",2026-02-04 09:34:33.829,"{""right"":408,""left"":430}",5,1,45160,2071,0,31,
1468539840843759616,9000310004638,9000310004638,role_create,2026-02-04 09:32:46.371,2026-02-04,3.0.0,1,218.54.61.4,Import_Tools,134,tga_java_sdk,Buk,9000310004638,KR,大邱广域市,31,,6,S31,uar_93368d78d469fda3ffa6eddc5e43f6c1,7cd0e4e66e3bc5009f6c074f8daff430,韩国,f0afa38ec51a2f0f6c01f24983c25f46,1.0.31,WIFI,16.2.3,Android OS 13 / API-33 (TP1A.220624.014/N981NKSSAHYH1),Android,,0,100,0,0,0,0,,0,0,0,8,0,0,0,0,,15000,20000,10000,0,0,6,0,0,0,5,0,samsung SM-N981N,2026-02-04 09:32:46.371,"{""right"":229,""left"":66}",11,1,45160,2016,0,31,
1468479325601800192,9000310004563,9000310004563,role_create,2026-02-04 05:32:24.240,2026-02-04,3.0.0,1,126.91.209.186,Import_Tools,131,tga_java_sdk,大阪市,9000310004563,JP,大阪府,31,,6,S31,uar_710fa073ff6ab93d4ba4f7374eb1cfbf,ecc29cb282acb2dbc8c94f7b0ba9242f,日本,6686865c62b7a3d198ce9f8cfc244db9,1.0.32,WIFI,16.2.3,Android OS 12 / API-31 (M40Plus_ROW/20220926.1628),Android,,0,100,0,0,0,0,,0,0,0,8,0,0,0,0,,15000,20000,10000,0,0,6,0,0,0,5,0,incar M40 Plus_ROW,2026-02-04 05:32:24.240,"{""right"":200,""left"":31}",11,1,50100,2035,0,31,
1468485114479513618,6000310001473,6000310001473,role_create,2026-02-04 05:55:26.840,2026-02-04,3.0.0,1,113.185.44.217,Import_Tools,84,tga_java_sdk,河内市,6000310001473,VN,河内,31,,6,S31,uar_dc1f34dbcbd9061f9677990eff7d4ee0,a4802e600824ce50706ad237aa7b8b01,越南,a5198ce4e2716e835659d0b8c939d424,2.2.49,5G,16.2.3,Android OS 12 / API-31 (SP1A.210812.016/S.202208101248),Android,,0,100,0,0,0,0,,0,0,0,8,0,0,0,0,,15000,20000,10000,0,0,6,0,0,0,5,0,OPPO CPH2495,2026-02-04 05:55:26.840,"{""right"":423,""left"":435}",5,1,42760,2056,0,31,
1468451014834143234,9000310004546,9000310004546,role_create,2026-02-04 03:39:57.865,2026-02-04,3.0.0,1,60.66.224.77,Import_Tools,129,tga_java_sdk,练马区,9000310004546,JP,东京都,31,,9,S31,uios_17701475460tvvve3lcsggzi9r9,13c755b87683c558903a610d07be593d,日本,,0.1.26,WIFI,16.2.3,iOS 26.2,IPhonePlayer,,0,100,0,0,0,0,,0,0,0,8,0,0,0,0,,15000,20000,10000,0,0,6,0,0,0,5,0,"iPhone14,4",2026-02-04 03:39:57.865,"{""right"":221,""left"":30}",11,1,42070,2324,0,31,
1468470895818313728,9000310004557,9000310004557,role_create,2026-02-04 04:58:58.428,2026-02-04,3.0.0,1,175.115.32.112,Import_Tools,134,tga_java_sdk,Siheung,9000310004557,KR,京畿道,31,,6,S31,uar_f34bc0feed19590941457cb99ce80f73,a304b5eaa54428822ca12868f24faf2e,韩国,83aee54c8d8aff5ee08cdd58f54b6784,1.0.31,WIFI,16.2.3,Android OS 14 / API-34 (UP1A.231005.007/X610KOU5BXL2),Android,,0,100,0,0,0,0,,0,0,0,8,0,0,0,0,,15000,20000,10000,0,0,6,0,0,0,5,0,samsung SM-X610,2026-02-04 04:58:58.428,"{""right"":402,""left"":86}",1,1,49050,2041,0,31,
1468464469192491008,9000310004553,9000310004553,role_create,2026-02-04 04:33:10.311,2026-02-04,3.0.0,1,210.194.189.244,Import_Tools,131,tga_java_sdk,立川市,9000310004553,JP,东京都,31,,6,S31,uar_ffff4eb1ba86895b0d6f698fb399db2a,b19ba6e53f8e7fee456e7ff79a49ff32,日本,2dc5d6a9b2ae5b2a011437196a50da6a,1.0.32,WIFI,16.2.3,Android OS 16 / API-36 (BP4A.260105.004.E1/14587043),Android,,0,100,0,0,0,0,,0,0,0,8,0,0,0,0,,15000,20000,10000,0,0,6,0,0,0,5,0,Google Pixel 7a,2026-02-04 04:33:10.311,"{""right"":415,""left"":452}",5,1,48440,2042,0,31,
1468481339622694912,9000310004566,9000310004566,role_create,2026-02-04 05:40:02.525,2026-02-04,3.0.0,1,128.204.74.137,Import_Tools,140,tga_java_sdk,圣彼得堡,9000310004566,RU,圣彼得堡,31,,32,S31,uar_28ee1e46cec1738b0a79bc9a491a74db,28a4d8a16f07cca092b148e0cf0ffafc,俄罗斯,75b531fbb599ac4a7e1531ea8d0323b4,1.0.32,5G,16.2.3,Android OS 11 / API-30 (RP1A.200720.011/V12.5.7.0.RCDRUXM),Android,,0,100,0,0,0,0,,0,0,0,8,0,0,0,0,,15000,20000,10000,0,0,6,0,0,0,5,0,Xiaomi M2006C3LG,2026-02-04 05:40:02.525,"{""right"":458,""left"":19}",1,1,50310,2024,0,31,
1468444965725024260,9000310004542,9000310004542,role_create,2026-02-04 03:15:44.784,2026-02-04,3.0.0,1,61.81.40.116,Import_Tools,134,tga_java_sdk,城南市,9000310004542,KR,京畿道,31,,6,S31,uar_0d82424864080ba9e888129433a51e71,1accaff6e20d69dad26198442b7e7f3e,韩国,9d579399e465b150ce0630ae09faacd7,1.0.31,WIFI,16.2.3,Android OS 13 / API-33 (TP1A.220624.014/G988NKSS8IYC2),Android,,0,100,0,0,0,0,,0,0,0,8,0,0,0,0,,15000,20000,10000,0,0,6,0,0,0,5,0,samsung SM-G988N,2026-02-04 03:15:44.784,"{""right"":252,""left"":52}",11,1,41990,2021,0,31,
1468468873173934080,9000310004555,9000310004555,role_create,2026-02-04 04:50:32.997,2026-02-04,3.0.0,1,223.39.207.58,Import_Tools,134,tga_java_sdk,马山市,9000310004555,KR,庆尚南道,31,,6,S31,uar_65491682e7edd4c6919136ce44afe87e,c42038aece696744e46e7e94a1af4264,韩国,92082daf19459367097b65ed2713a046,1.0.31,5G,16.2.3,Android OS 13 / API-33 (TP1A.220624.014/A325NKSS9DYA1),Android,,0,100,0,0,0,0,,0,0,0,8,0,0,0,0,,15000,20000,10000,0,0,6,0,0,0,5,0,samsung SM-A325N,2026-02-04 04:50:32.997,"{""right"":256,""left"":1}",11,1,49020,2021,0,31,
1468476306415955974,9000310004560,9000310004560,role_create,2026-02-04 05:20:24.425,2026-02-04,3.0.0,1,60.239.208.33,Import_Tools,131,tga_java_sdk,冈山市,9000310004560,JP,冈山县,31,,6,S31,uar_1327fb35ea71e4a0d0606938bda7f1d1,160be69287574c438041a5b99f012d7b,日本,4e7869c97e923bd5948aeef54a0909aa,1.0.32,WIFI,16.2.3,Android OS 16 / API-36 (BP3A.251105.015/14339231),Android,,0,100,0,0,0,0,,0,0,0,8,0,0,0,0,,15000,20000,10000,0,0,6,0,0,0,5,0,Google Pixel 7a,2026-02-04 05:20:24.425,"{""right"":466,""left"":493}",5,1,42100,2016,0,31,
1468476306445316096,9000310004559,9000310004559,role_create,2026-02-04 05:20:07.842,2026-02-04,3.0.0,1,31.133.56.169,Import_Tools,140,tga_java_sdk,莫斯科,9000310004559,RU,莫斯科,31,,32,S31,uar_e52390423010610b7ec8d56e0beaba90,8de3c623b989df0c8ac65a7eab7cca5d,俄罗斯,4567970941cfba3ad787bc478efc56c5,1.0.31,WIFI,16.2.3,Android OS 12 / API-31 (HUAWEIGOA-LX9/104.2.0.172C10),Android,,0,100,0,0,0,0,,0,0,0,8,0,0,0,0,,15000,20000,10000,0,0,6,0,0,0,5,0,HUAWEI GOA-LX9,2026-02-04 05:20:07.842,"{""right"":271,""left"":97}",11,1,49320,2016,0,31,
1468481959364673536,9000310004568,9000310004568,role_create,2026-02-04 05:42:51.020,2026-02-04,3.0.0,1,211.234.188.223,Import_Tools,134,tga_java_sdk,Seongbuk,9000310004568,KR,首尔特别市,31,,6,S31,uar_423970309e3187f61a8b8b5c8ab40548,ecfa1a7120345a0891c2ecda56fbaf33,韩国,8fb88163dd82c67f10c5fd30454577ea,1.0.31,WIFI,16.2.3,Android OS 16 / API-36 (BP2A.250605.031.A3/X810XXS5DZA1),Android,,0,100,0,0,0,0,,0,0,0,8,0,0,0,0,,15000,20000,10000,0,0,6,0,0,0,5,0,samsung SM-X810,2026-02-04 05:42:51.020,"{""right"":485,""left"":274}",3,1,42660,2021,0,31,
1468452641158737920,9000310004547,9000310004547,role_create,2026-02-04 03:46:20.046,2026-02-04,3.0.0,1,115.160.34.51,Import_Tools,134,tga_java_sdk,Sancheong,9000310004547,KR,庆尚南道,31,,6,S31,uar_11b78bb0033b31ae0b282a72bf9580ac,ac836fd7235440e77d935da7842e043e,韩国,7cf9cd8a6145b347677709e9b9abbb77,1.0.31,WIFI,16.2.3,Android OS 13 / API-33 (TP1A.220624.014/N986NKSSAHYH1),Android,,0,100,0,0,0,0,,0,0,0,8,0,0,0,0,,15000,20000,10000,0,0,6,0,0,0,5,0,samsung SM-N986N,2026-02-04 03:46:20.046,"{""right"":442,""left"":233}",3,1,42430,2024,0,31,
1468481842519748612,9000310004567,9000310004567,role_create,2026-02-04 05:42:09.346,2026-02-04,3.0.0,1,133.106.140.209,Import_Tools,131,tga_java_sdk,涩谷区,9000310004567,JP,东京都,31,,6,S31,uar_d2602cf629496edc56a1b95570237143,c2fdf30a0e0d2a725dbacdc834d71461,日本,01c1842d54320ca1268ffccd52255bd0,1.0.32,5G,16.2.3,Android OS 16 / API-36 (BP2A.250605.031.A3/2601081654),Android,,0,100,0,0,0,0,,0,0,0,8,0,0,0,0,,15000,20000,10000,0,0,6,0,0,0,5,0,Nothing A001,2026-02-04 05:42:09.346,"{""right"":435,""left"":211}",3,1,42660,2024,0,31,
1468483478742904832,9000310004570,9000310004570,role_create,2026-02-04 05:48:53.897,2026-02-04,3.0.0,1,14.10.33.192,Import_Tools,129,tga_java_sdk,东大阪市,9000310004570,JP,大阪府,31,,9,S31,uios_1770155283a57o5wn7eu0u1mss4,388be0226e951172e5e3d2ea7a27d9be,日本,,0.1.26,WIFI,16.2.3,iOS 26.2.1,IPhonePlayer,,0,100,0,0,0,0,,0,0,0,8,0,0,0,0,,15000,20000,10000,0,0,6,0,0,0,5,0,"iPhone17,2",2026-02-04 05:48:53.897,"{""right"":281,""left"":95}",11,1,50440,2021,0,31,
1468464351974277122,9000310004552,9000310004552,role_create,2026-02-04 04:32:34.178,2026-02-04,3.0.0,1,153.243.52.11,Import_Tools,129,tga_java_sdk,八王子市,9000310004552,JP,东京都,31,,9,S31,uios_1770150703eb731hstj1snfr3qf,31f912d1b7bd64874326b249d071924e,日本,,0.1.26,WIFI,16.2.3,iOS 26.3,IPhonePlayer,,0,100,0,0,0,0,,0,0,0,8,0,0,0,0,,15000,20000,10000,0,0,6,0,0,0,5,0,"iPhone14,8",2026-02-04 04:32:34.178,"{""right"":470,""left"":5}",1,1,48440,2064,0,31,
1468447365072433152,8000310000573,8000310000573,role_create,2026-02-04 03:25:13.617,2026-02-04,3.0.0,1,152.56.166.246,Import_Tools,113,tga_java_sdk,孟买,8000310000573,IN,马哈拉施特拉邦,31,,6,S31,uar_78d6327bd581da55f2a48df83358747c,54354ac52474279b9b0bcff0176dd06d,印度,4affce15138c80984610106f01ed0085,1.0.31,5G,16.2.3,Android OS 15 / API-35 (AP3A.240905.015.A2/145008),Android,,0,100,0,0,0,0,,0,0,0,8,0,0,0,0,,15000,20000,10000,0,0,6,0,0,0,5,0,INFINIX Infinix X6871,2026-02-04 03:25:13.617,"{""right"":494,""left"":213}",3,1,41600,2024,0,31,
1468485239583027202,9000310004572,9000310004572,role_create,2026-02-04 05:55:33.047,2026-02-04,3.0.0,1,180.221.103.116,Import_Tools,129,tga_java_sdk,大阪市,9000310004572,JP,大阪府,31,,9,S31,uios_17701556815e0ov7ayv2sljhg9e,96427321b91a1251660e73b67634b5f7,日本,d398a55435bf51c1ab41d30c4cb28b2a,0.1.26,WIFI,16.2.3,iOS 26.2.1,IPhonePlayer,,0,100,0,0,0,0,,0,0,0,8,0,0,0,0,,15000,20000,10000,0,0,6,0,0,0,5,0,"iPhone18,1",2026-02-04 05:55:33.047,"{""right"":481,""left"":1}",1,1,42330,2011,0,31,
1468450510796234760,9000310004545,9000310004545,role_create,2026-02-04 03:37:59.005,2026-02-04,3.0.0,1,1.11.107.61,Import_Tools,134,tga_java_sdk,瑞山市,9000310004545,KR,忠清南道,31,,6,S31,uar_2100a0e9c2cf6197d7415b8caf7b482b,b4ea6be28758d2e9c6bf45114e2d8fce,韩国,265c20bdaddaa8278a20e1afb5cfb920,1.0.31,WIFI,16.2.3,Android OS 16 / API-36 (BP2A.250605.031.A3/S938NKSS7BYLR),Android,,0,100,0,0,0,0,,0,0,0,8,0,0,0,0,,15000,20000,10000,0,0,6,0,0,0,5,0,samsung SM-S938N,2026-02-04 03:37:59.005,"{""right"":299,""left"":56}",11,1,42070,2106,0,31,
1468477313107640322,6000310001472,6000310001472,role_create,2026-02-04 05:24:24.427,2026-02-04,3.0.0,1,123.20.242.194,Import_Tools,84,tga_java_sdk,胡志明市,6000310001472,VN,胡志明市,31,,6,S31,uar_0f4947d55088785341cf5bdde2e3931a,00035cb44360b49248c43382e5194c82,越南,fc1f671240e032fad3346c9e072a4cbd,2.2.49,WIFI,16.2.3,Android OS 15 / API-35 (AP3A.240617.008/U.R4T2.21c4f71-2),Android,,0,100,0,0,0,0,,0,0,0,8,0,0,0,0,,15000,20000,10000,0,0,6,0,0,0,5,0,OPPO CPH2603,2026-02-04 05:24:24.427,"{""right"":406,""left"":59}",1,1,49320,2024,0,31,
1468445585500553216,9000310004543,9000310004543,role_create,2026-02-04 03:18:13.667,2026-02-04,3.0.0,1,210.204.127.45,Import_Tools,134,tga_java_sdk,Seogwipo,9000310004543,KR,济州特别自治道,31,,6,S31,uar_4bb26dd111b65a948fe6275eeb9f781e,b2942d0152cb5f8bdb2c9dd1f20427db,韩国,2353074e9a60f753294b3091ab058061,1.0.31,WIFI,16.2.3,Android OS 13 / API-33 (TP1A.220624.014/N986NKSSAHYH1),Android,,0,100,0,0,0,0,,0,0,0,8,0,0,0,0,,15000,20000,10000,0,0,6,0,0,0,5,0,samsung SM-N986N,2026-02-04 03:18:13.667,"{""right"":406,""left"":251}",3,1,48230,2056,0,31,
1468485105134604292,9000310004571,9000310004571,role_create,2026-02-04 05:55:16.497,2026-02-04,3.0.0,1,211.234.226.241,Import_Tools,134,tga_java_sdk,首尔,9000310004571,KR,首尔特别市,31,,6,S31,uar_e829f887bc894aa682ac9dde02e20abe,564cc618b31f07d335f77249bd6a1974,韩国,568230cc52bc797abb4130caf8ae2012,1.0.31,5G,16.2.3,Android OS 16 / API-36 (BP2A.250605.031.A3/S938NKSS7BYLR),Android,,0,100,0,0,0,0,,0,0,0,8,0,0,0,0,,15000,20000,10000,0,0,6,0,0,0,5,0,samsung SM-S938N,2026-02-04 05:55:16.497,"{""right"":448,""left"":48}",1,1,42330,2045,0,31,
1468447742559784966,6000310001470,6000310001470,role_create,2026-02-04 03:26:35.683,2026-02-04,3.0.0,1,113.160.133.196,Import_Tools,85,tga_java_sdk,,6000310001470,VN,兴安省,31,,9,S31,uios_17701467383cqunh5giuji4g8je,9b5583952c848e53ce93a11e45ae6411,越南,,0.1.33,WIFI,16.2.3,iOS 26.2.1,IPhonePlayer,,0,100,0,0,0,0,,0,0,0,8,0,0,0,0,,15000,20000,10000,0,0,6,0,0,0,5,0,"iPhone12,5",2026-02-04 03:26:35.683,"{""right"":454,""left"":0}",1,1,48410,2066,0,31,
1468463848691343360,9000310004551,9000310004551,role_create,2026-02-04 04:31:00.493,2026-02-04,3.0.0,1,27.91.33.211,Import_Tools,131,tga_java_sdk,东京,9000310004551,JP,东京都,31,,6,S31,uar_9c058c31a9ac697cc5c29c8fbd8c3094,933c646529f4f4afe4fe3e7fd128e0a2,日本,e5ad5e33bee1848293d5f10e371561ce,1.0.32,5G,16.2.3,Android OS 14 / API-34 (UP1A.231005.007/SCG30KDU1AYC5),Android,,0,100,0,0,0,0,,0,0,0,8,0,0,0,0,,15000,20000,10000,0,0,6,0,0,0,5,0,samsung SCG30,2026-02-04 04:31:00.493,"{""right"":213,""left"":53}",11,1,41930,2051,0,31,
1468480709743087626,9000310004565,9000310004565,role_create,2026-02-04 05:37:38.672,2026-02-04,3.0.0,1,46.138.54.43,Import_Tools,140,tga_java_sdk,莫斯科,9000310004565,RU,莫斯科,31,,32,S31,uar_d39b34825cc0fb4161513d3f27020f9c,f79e1c74229ef4ba1fe157b7fd77d1d9,俄罗斯,fbdb2ae44bb6e50efcfd23249dd08352,1.0.32,WIFI,16.2.3,Android OS 10 / API-29 (HONORJSN-L21/10.0.0.225C10),Android,,0,100,0,0,0,0,,0,0,0,8,0,0,0,0,,15000,20000,10000,0,0,6,0,0,0,5,0,HUAWEI JSN-L21,2026-02-04 05:37:38.672,"{""right"":488,""left"":224}",3,1,42320,2024,0,31,
1468482975434805264,9000310004569,9000310004569,role_create,2026-02-04 05:46:48.309,2026-02-04,3.0.0,1,221.113.120.145,Import_Tools,129,tga_java_sdk,东京,9000310004569,JP,东京都,31,,9,S31,uios_1770155151mg4jfvtdk3xx3xhew,d01115942fe95a3fc1cae8281188755d,日本,,0.1.26,WIFI,16.2.3,iOS 26.2.1,IPhonePlayer,,0,100,0,0,0,0,,0,0,0,8,0,0,0,0,,15000,20000,10000,0,0,6,0,0,0,5,0,"iPhone13,2",2026-02-04 05:46:48.309,"{""right"":403,""left"":238}",3,1,50440,2024,0,31,
1468466473092526080,5000310000007,5000310000007,role_create,2026-02-04 04:41:04.746,2026-02-04,3.0.0,1,174.230.147.95,Import_Tools,74,tga_java_sdk,孟菲斯,5000310000007,US,田纳西州,31,,6,S31,uar_42ec026ec52fcf2de1fc605fe1f145f7,b63c3d1f5f233acfb3c40298f4930c93,美国,d03fcb622d859425549afbce005c14a9,2.2.49,5G,16.2.3,Android OS 14 / API-34 (UP1A.231005.007/S236DLUDSFFZA1),Android,,0,100,0,0,0,0,,0,0,0,8,0,0,0,0,,15000,20000,10000,0,0,6,0,0,0,5,0,samsung SM-S236DL,2026-02-04 04:41:04.746,"{""right"":421,""left"":235}",3,1,48750,2016,0,31,
1468474418270322688,9000310004558,9000310004558,role_create,2026-02-04 05:12:33.018,2026-02-04,3.0.0,1,188.170.196.253,Import_Tools,142,tga_java_sdk,,9000310004558,RU,克拉斯诺达尔边疆区,31,,31,S31,uar_ce81e242d7fc76b0a41cf5577b232670,febd4717c78e471c602882bc067740b0,俄罗斯,d08c4b016db04aa03690a8defa18b8ee,1.0.31,5G,16.2.3,Android OS 13 / API-33 (TP1A.220624.014/V14.0.8.0.TNFMIXM),Android,,0,100,0,0,0,0,,0,0,0,8,0,0,0,0,,15000,20000,10000,0,0,6,0,0,0,5,0,Xiaomi 2312FPCA6G,2026-02-04 05:12:33.018,"{""right"":484,""left"":445}",5,1,42090,2024,0,31,
1468467623527202828,9000310004554,9000310004554,role_create,2026-02-04 04:45:39.682,2026-02-04,3.0.0,1,39.144.108.172,Import_Tools,131,tga_java_sdk,德州,9000310004554,CN,山东,31,,6,S31,uar_f5cb4c66982499cb08a0ec4e4d6e65d3,036b71880cce453025fd26a747179147,中国,5e1f82194fa016810594606b0d9e7c58,1.0.32,5G,16.2.3,Android OS 16 / API-36 (BP4A.260105.004.E1/14587043),Android,,0,100,0,0,0,0,,0,0,0,8,0,0,0,0,,15000,20000,10000,0,0,6,0,0,0,5,0,Google Pixel 9,2026-02-04 04:45:39.682,"{""right"":459,""left"":463}",5,1,42530,2016,0,31,
1468485347460526080,9000310004573,9000310004573,role_create,2026-02-04 05:56:20.141,2026-02-04,3.0.0,1,14.5.145.153,Import_Tools,134,tga_java_sdk,安养市,9000310004573,KR,京畿道,31,,6,S31,uar_d0b7f3d278852095794e955a6898bb68,e129620209c4a6051da78d904d75d6dc,韩国,74ddec609d3b400e74a13f83d2ce2b74,1.0.31,WIFI,16.2.3,Android OS 16 / API-36 (BP2A.250605.031.A3/S908NKSS7GZA1),Android,,0,100,0,0,0,0,,0,0,0,8,0,0,0,0,,15000,20000,10000,0,0,6,0,0,0,5,0,samsung SM-S908N,2026-02-04 05:56:20.141,"{""right"":439,""left"":42}",1,1,42760,2013,0,31,
1468448992223301632,9000310004544,9000310004544,role_create,2026-02-04 03:31:46.811,2026-02-04,3.0.0,1,1.75.83.88,Import_Tools,129,tga_java_sdk,,9000310004544,JP,,31,,9,S31,uios_17701470552bme6ikxpw544l0qm,3fb79df96de1c5a524f1a665195bd3d3,日本,5c3d8767a88d391c7bcb1313daa42c21,0.1.26,5G,16.2.3,iOS 26.2.1,IPhonePlayer,,0,100,0,0,0,0,,0,0,0,8,0,0,0,0,,15000,20000,10000,0,0,6,0,0,0,5,0,"iPhone14,8",2026-02-04 03:31:46.811,"{""right"":209,""left"":46}",11,1,48410,2066,0,31,
1468459697039220736,9000310004550,9000310004550,role_create,2026-02-04 04:14:25.571,2026-02-04,3.0.0,1,91.135.221.207,Import_Tools,140,tga_java_sdk,莫斯科,9000310004550,RU,莫斯科,31,,32,S31,uar_02d49c7186c466329f15a7f2e87873db,e4ea6e09c2feb9b3ac545341afb18cc3,俄罗斯,ee05ce75c921a2adfc35f93902e1b33e,1.0.32,WIFI,16.2.3,Android OS 15 / API-35 (AQ3A.240829.003/OS2.0.2.0.VMUMIXM),Android,,0,100,0,0,0,0,,0,0,0,8,0,0,0,0,,15000,20000,10000,0,0,6,0,0,0,5,0,Xiaomi 23073RPBFC,2026-02-04 04:14:25.571,"{""right"":451,""left"":468}",5,1,41870,2011,0,31,
1468535194553159692,8000310000575,8000310000575,role_create,2026-02-04 09:14:21.379,2026-02-04,3.0.0,1,42.108.145.38,Import_Tools,113,tga_java_sdk,孟买,8000310000575,IN,马哈拉施特拉邦,31,,6,S31,uar_a9140c2ee1a5fdf8807986de72ebd989,5fdefec489be5dd178965fdc6f1dce7c,印度,b3570f29773ecad1cc75bc90e2fa30ef,1.0.31,5G,16.2.3,Android OS 14 / API-34 (UKQ1.231108.001/U.R4T2.1b910ce_24039-1f5cd),Android,,0,100,0,0,0,0,,0,0,0,8,0,0,0,0,,15000,20000,10000,0,0,6,0,0,0,5,0,realme RMX3940,2026-02-04 09:14:21.379,"{""right"":275,""left"":96}",11,1,53370,2016,0,31,
1468536704435499008,9000310004635,9000310004635,role_create,2026-02-04 09:20:25.371,2026-02-04,3.0.0,1,211.235.74.149,Import_Tools,134,tga_java_sdk,首尔,9000310004635,KR,首尔特别市,31,,6,S31,uar_1a54c9965f64413bace11d452f1b3e3a,36c3a07f19b8e46849740d5e78a20232,韩国,bee937db55429d3dd3cdb69515ef627b,1.0.31,5G,16.2.3,Android OS 16 / API-36 (BP2A.250605.031.A3/S931NKSS7BYLR),Android,,0,100,0,0,0,0,,0,0,0,8,0,0,0,0,,15000,20000,10000,0,0,6,0,0,0,5,0,samsung SM-S931N,2026-02-04 09:20:25.371,"{""right"":222,""left"":0}",11,1,45000,2106,0,31,
1468541486063693826,9000310004643,9000310004643,role_create,2026-02-04 09:39:28.815,2026-02-04,3.0.0,1,114.183.129.8,Import_Tools,131,tga_java_sdk,,9000310004643,JP,北海道,31,,6,S31,uar_81ca859c743ae8f56d96c04352429b92,27fae9d1e4312d7e25931cf7c9660dbe,日本,bf2f71b0e1b41185ad885f08c6bb95bb,1.0.32,WIFI,16.2.3,Android OS 16 / API-36 (BP2A.250605.031.A3/SCG34KDS1AYK9),Android,,0,100,0,0,0,0,,0,0,0,8,0,0,0,0,,15000,20000,10000,0,0,6,0,0,0,5,0,samsung SCG34,2026-02-04 09:39:28.815,"{""right"":223,""left"":21}",11,1,45160,2016,0,31,
1468502092049039360,9000310004590,9000310004590,role_create,2026-02-04 07:02:45.768,2026-02-04,3.0.0,1,223.39.163.54,Import_Tools,144,tga_java_sdk,浦项市,9000310004590,KR,庆尚北道,31,,63,S31,uar_b7ceb1c4fdb054ba29518b06756635bb,0edb9a019d4fd4d659bd2ed8b61bf612,韩国,5f5d86dc61545681a2f9c957d6f37def,1.0.28,5G,16.2.3,Android OS 16 / API-36 (BP2A.250605.031.A3/A346NKSSBEYK5),Android,,0,100,0,0,0,0,,0,0,0,8,0,0,0,0,,15000,20000,10000,0,0,6,0,0,0,5,0,samsung SM-A346N,2026-02-04 07:02:45.768,"{""right"":449,""left"":237}",3,1,43780,2205,0,31,
1468516949251076098,9000310004612,9000310004612,role_create,2026-02-04 08:01:32.750,2026-02-04,3.0.0,1,126.254.214.203,Import_Tools,131,tga_java_sdk,京都市,9000310004612,JP,京都府,31,,6,S31,uar_af39f3df0aba79df24bda49936e1be5d,5bcc12fe9ad13a2e67a33ae5f260f152,日本,0b40cc683a3a59367000fae614946cbc,1.0.32,WIFI,16.2.3,Android OS 16 / API-36 (BP4A.260105.004.E1/14587043),Android,,0,100,0,0,0,0,,0,0,0,8,0,0,0,0,,15000,20000,10000,0,0,6,0,0,0,5,0,Google Pixel 7a,2026-02-04 08:01:32.750,"{""right"":431,""left"":203}",3,1,43120,2174,0,31,
1468528777247072266,9000310004627,9000310004627,role_create,2026-02-04 08:48:38.964,2026-02-04,3.0.0,1,89.113.136.245,Import_Tools,140,tga_java_sdk,鄂木斯克,9000310004627,RU,鄂木斯克州,31,,32,S31,uar_de5c0eada27703d26a86e334f27fdae9,5f2d7b149b7c33ab152b3f6dc17e8349,俄罗斯,c717519caa6b31cebac78546d3f3ab78,1.0.32,5G,16.2.3,Android OS 15 / API-35 (AQ3A.240829.003/OS2.0.1.0.VMGRUXM),Android,,0,100,0,0,0,0,,0,0,0,8,0,0,0,0,,15000,20000,10000,0,0,6,0,0,0,5,0,Xiaomi 23021RAA2Y,2026-02-04 08:48:38.964,"{""right"":494,""left"":475}",5,1,53200,2024,0,31,
1468504240530927620,9000310004595,9000310004595,role_create,2026-02-04 07:11:23.198,2026-02-04,3.0.0,1,1.73.34.231,Import_Tools,129,tga_java_sdk,大阪市,9000310004595,JP,大阪府,31,,9,S31,uios_1770160228mf3vbionsbc6x1x7r,936a6d76fddc3b0ce3cba7a515c11215,日本,,0.1.26,5G,16.2.3,iOS 18.6.2,IPhonePlayer,,0,100,0,0,0,0,,0,0,0,8,0,0,0,0,,15000,20000,10000,0,0,6,0,0,0,5,0,"iPhone15,2",2026-02-04 07:11:23.198,"{""right"":447,""left"":288}",3,1,43840,2205,0,31,
1468506128005468164,9000310004596,9000310004596,role_create,2026-02-04 07:18:37.534,2026-02-04,3.0.0,1,211.234.204.58,Import_Tools,134,tga_java_sdk,城南市,9000310004596,KR,京畿道,31,,6,S31,uar_35fbb3736b3a01b26e307f6683b5164b,7cfa0cba460b23d81332fbffdd4e4474,韩国,29b4cfc2cb02cdaa7a3da3db9f3eba5f,1.0.31,5G,16.2.3,Android OS 16 / API-36 (BP2A.250605.031.A3/S928NKSS4CZA1),Android,,0,100,0,0,0,0,,0,0,0,8,0,0,0,0,,15000,20000,10000,0,0,6,0,0,0,5,0,samsung SM-S928N,2026-02-04 07:18:37.534,"{""right"":478,""left"":257}",3,1,43110,2036,0,31,
1468521479200063492,9000310004615,9000310004615,role_create,2026-02-04 08:19:57.313,2026-02-04,3.0.0,1,49.106.113.125,Import_Tools,129,tga_java_sdk,大阪市,9000310004615,JP,大阪府,31,,9,S31,uios_177016434330rkmfmit9ii9120p,ee5536ae8b7902926aa290bb717cae6a,日本,,0.1.26,5G,16.2.3,iOS 26.2.1,IPhonePlayer,,0,100,0,0,0,0,,0,0,0,8,0,0,0,0,,15000,20000,10000,0,0,6,0,0,0,5,0,"iPhone14,5",2026-02-04 08:19:57.313,"{""right"":418,""left"":7}",1,1,44800,2056,0,31,
1468523995774062598,9000310004619,9000310004619,role_create,2026-02-04 08:29:48.353,2026-02-04,3.0.0,1,91.149.97.23,Import_Tools,142,tga_java_sdk,新西伯利亚,9000310004619,RU,新西伯利亚州,31,,31,S31,uar_12d3c2896595c9675e5be8b786b05eff,9d4fde169119dd174d2d7ace9dfd64c9,俄罗斯,998459930ea3ff2fdc0ed6bc67999d50,1.0.31,5G,16.2.3,Android OS 16 / API-36 (BP2A.250605.031.A3/V816.0.1.0.WGRRUXM),Android,,0,100,0,0,0,0,,0,0,0,8,0,0,0,0,,15000,20000,10000,0,0,6,0,0,0,5,0,Xiaomi 23129RN51X,2026-02-04 08:29:48.353,"{""right"":413,""left"":430}",5,1,43550,2042,0,31,
